,Quarter,Industry,Value,Country,Variable
0,1997 Q1,Total,70.1313189798375,UK,GVA
1,1997 Q2,Total,71.0447841118649,UK,GVA
2,1997 Q3,Total,71.7880064750264,UK,GVA
3,1997 Q4,Total,72.96408725443932,UK,GVA
4,1998 Q1,Total,73.51988638582189,UK,GVA
5,1998 Q2,Total,73.97840393499537,UK,GVA
6,1998 Q3,Total,74.22807845447232,UK,GVA
7,1998 Q4,Total,74.73367493448553,UK,GVA
8,1999 Q1,Total,75.25979872083644,UK,GVA
9,1999 Q2,Total,75.65963494863153,UK,GVA
10,1999 Q3,Total,76.84240941489368,UK,GVA
11,1999 Q4,Total,78.11911861994027,UK,GVA
12,2000 Q1,Total,79.16043317078831,UK,GVA
13,2000 Q2,Total,79.96255997822321,UK,GVA
14,2000 Q3,Total,80.54803445463743,UK,GVA
15,2000 Q4,Total,81.1948677271698,UK,GVA
16,2001 Q1,Total,81.94277567112577,UK,GVA
17,2001 Q2,Total,82.22524925616406,UK,GVA
18,2001 Q3,Total,82.5951870160325,UK,GVA
19,2001 Q4,Total,82.76297543305365,UK,GVA
20,2002 Q1,Total,82.93121009586474,UK,GVA
21,2002 Q2,Total,83.44149215667244,UK,GVA
22,2002 Q3,Total,84.29783782758624,UK,GVA
23,2002 Q4,Total,84.91410326350703,UK,GVA
24,2003 Q1,Total,85.45963874172074,UK,GVA
25,2003 Q2,Total,86.17006203932095,UK,GVA
26,2003 Q3,Total,86.92087058091161,UK,GVA
27,2003 Q4,Total,87.63664882799121,UK,GVA
28,2004 Q1,Total,87.98806738757673,UK,GVA
29,2004 Q2,Total,88.31494242871501,UK,GVA
30,2004 Q3,Total,88.71991048309454,UK,GVA
31,2004 Q4,Total,89.52404539658421,UK,GVA
32,2005 Q1,Total,90.34246017535227,UK,GVA
33,2005 Q2,Total,91.25436344711484,UK,GVA
34,2005 Q3,Total,91.98977650895225,UK,GVA
35,2005 Q4,Total,92.9704016323671,UK,GVA
36,2006 Q1,Total,93.50076475372252,UK,GVA
37,2006 Q2,Total,93.68484114207685,UK,GVA
38,2006 Q3,Total,93.84839022409348,UK,GVA
39,2006 Q4,Total,94.48183612292732,UK,GVA
40,2007 Q1,Total,95.66907304708899,UK,GVA
41,2007 Q2,Total,96.57383638621235,UK,GVA
42,2007 Q3,Total,97.36235269705378,UK,GVA
43,2007 Q4,Total,97.86661043969713,UK,GVA
44,2008 Q1,Total,98.55182085016516,UK,GVA
45,2008 Q2,Total,98.14997651631529,UK,GVA
46,2008 Q3,Total,96.46048995556508,UK,GVA
47,2008 Q4,Total,94.17883523155136,UK,GVA
48,2009 Q1,Total,92.02279869740853,UK,GVA
49,2009 Q2,Total,91.59127901852699,UK,GVA
50,2009 Q3,Total,91.66379395939387,UK,GVA
51,2009 Q4,Total,92.03529357952715,UK,GVA
52,2010 Q1,Total,93.03956972980933,UK,GVA
53,2010 Q2,Total,94.09137105672117,UK,GVA
54,2010 Q3,Total,94.60700806700827,UK,GVA
55,2010 Q4,Total,94.67595304155552,UK,GVA
56,2011 Q1,Total,95.11372016149635,UK,GVA
57,2011 Q2,Total,95.2609812721798,UK,GVA
58,2011 Q3,Total,95.61708541255982,UK,GVA
59,2011 Q4,Total,95.80807861065837,UK,GVA
60,2012 Q1,Total,96.60663545177366,UK,GVA
61,2012 Q2,Total,96.37548013257961,UK,GVA
62,2012 Q3,Total,97.31371190594925,UK,GVA
63,2012 Q4,Total,97.18831683897331,UK,GVA
64,2013 Q1,Total,97.49600331114375,UK,GVA
65,2013 Q2,Total,98.1901386374108,UK,GVA
66,2013 Q3,Total,98.81242839149589,UK,GVA
67,2013 Q4,Total,99.4338256540011,UK,GVA
68,2014 Q1,Total,100.3437208197089,UK,GVA
69,2014 Q2,Total,101.39462965504084,UK,GVA
70,2014 Q3,Total,102.3138959823376,UK,GVA
71,2014 Q4,Total,103.02409615704282,UK,GVA
72,2015 Q1,Total,103.13878132505994,UK,GVA
73,2015 Q2,Total,103.56137608814247,UK,GVA
74,2015 Q3,Total,103.74478310781188,UK,GVA
75,2015 Q4,Total,104.15532923456574,UK,GVA
76,2016 Q1,Total,104.59153449424177,UK,GVA
77,2016 Q2,Total,105.32605506449923,UK,GVA
78,2016 Q3,Total,105.92112382539742,UK,GVA
79,2016 Q4,Total,106.82075533793636,UK,GVA
80,2017 Q1,Total,107.9330229693864,UK,GVA
81,2017 Q2,Total,108.61912587143433,UK,GVA
82,2017 Q3,Total,109.19210546573,UK,GVA
83,2017 Q4,Total,109.7742330987196,UK,GVA
84,2018 Q1,Total,109.73362473183417,UK,GVA
85,2018 Q2,Total,110.00784276975837,UK,GVA
86,2018 Q3,Total,110.35524511723433,UK,GVA
87,2018 Q4,Total,110.45810477181779,UK,GVA
88,2019 Q1,Total,111.26380154557229,UK,GVA
89,2019 Q2,Total,111.65270475151361,UK,GVA
90,2019 Q3,Total,112.69491179394153,UK,GVA
91,2019 Q4,Total,112.86671642307225,UK,GVA
92,2020 Q1,Total,109.80011535453671,UK,GVA
93,2020 Q2,Total,85.25592753860862,UK,GVA
94,2020 Q3,Total,101.60637328237205,UK,GVA
95,2020 Q4,Total,103.33758382448262,UK,GVA
96,2021 Q1,Total,101.99326838225859,UK,GVA
97,2021 Q2,Total,110.04956675111868,UK,GVA
98,2021 Q3,Total,111.90728797468002,UK,GVA
99,2021 Q4,Total,113.52582145482822,UK,GVA
100,2022 Q1,Total,114.40559502971439,UK,GVA
101,2022 Q2,Total,114.67356562657929,UK,GVA
102,2022 Q3,Total,114.63920470075315,UK,GVA
103,2022 Q4,Total,115.10017660177132,UK,GVA
104,2023 Q1,Total,115.21843173610809,UK,GVA
105,2023 Q2,Total,115.17202217395335,UK,GVA
106,2023 Q3,Total,115.01405116431098,UK,GVA
107,2023 Q4,Total,114.69052296659738,UK,GVA
108,2024 Q1,Total,115.79275006777357,UK,GVA
109,2024 Q2,Total,116.31530388780489,UK,GVA
110,2024 Q3,Total,116.28942163198776,UK,GVA
111,2024 Q4,Total,116.33716993151238,UK,GVA
112,2025 Q1,Total,117.23055400299202,UK,GVA
113,1997 Q1,"Agriculture, forestry and fishing",54.919955116592476,UK,GVA
114,1997 Q2,"Agriculture, forestry and fishing",59.276530689895715,UK,GVA
115,1997 Q3,"Agriculture, forestry and fishing",59.054541156442,UK,GVA
116,1997 Q4,"Agriculture, forestry and fishing",59.012275894741016,UK,GVA
117,1998 Q1,"Agriculture, forestry and fishing",59.64171119341536,UK,GVA
118,1998 Q2,"Agriculture, forestry and fishing",61.37770073735438,UK,GVA
119,1998 Q3,"Agriculture, forestry and fishing",61.57397906214142,UK,GVA
120,1998 Q4,"Agriculture, forestry and fishing",65.37895833700718,UK,GVA
121,1999 Q1,"Agriculture, forestry and fishing",70.23577133864303,UK,GVA
122,1999 Q2,"Agriculture, forestry and fishing",72.20450896182734,UK,GVA
123,1999 Q3,"Agriculture, forestry and fishing",72.34446537796066,UK,GVA
124,1999 Q4,"Agriculture, forestry and fishing",71.11780687075813,UK,GVA
125,2000 Q1,"Agriculture, forestry and fishing",69.8894834261679,UK,GVA
126,2000 Q2,"Agriculture, forestry and fishing",69.99796490000605,UK,GVA
127,2000 Q3,"Agriculture, forestry and fishing",71.08710084992829,UK,GVA
128,2000 Q4,"Agriculture, forestry and fishing",72.50920521322399,UK,GVA
129,2001 Q1,"Agriculture, forestry and fishing",76.6446872689959,UK,GVA
130,2001 Q2,"Agriculture, forestry and fishing",76.93458972558878,UK,GVA
131,2001 Q3,"Agriculture, forestry and fishing",81.17439091172956,UK,GVA
132,2001 Q4,"Agriculture, forestry and fishing",82.76129865751713,UK,GVA
133,2002 Q1,"Agriculture, forestry and fishing",88.3311179180784,UK,GVA
134,2002 Q2,"Agriculture, forestry and fishing",90.14248082978702,UK,GVA
135,2002 Q3,"Agriculture, forestry and fishing",91.29126856313839,UK,GVA
136,2002 Q4,"Agriculture, forestry and fishing",93.0894072965881,UK,GVA
137,2003 Q1,"Agriculture, forestry and fishing",88.79245173309974,UK,GVA
138,2003 Q2,"Agriculture, forestry and fishing",90.90367495211319,UK,GVA
139,2003 Q3,"Agriculture, forestry and fishing",88.06446103768495,UK,GVA
140,2003 Q4,"Agriculture, forestry and fishing",89.62575289564865,UK,GVA
141,2004 Q1,"Agriculture, forestry and fishing",89.76244298423507,UK,GVA
142,2004 Q2,"Agriculture, forestry and fishing",86.46852323072203,UK,GVA
143,2004 Q3,"Agriculture, forestry and fishing",87.23468039159708,UK,GVA
144,2004 Q4,"Agriculture, forestry and fishing",87.5138243023984,UK,GVA
145,2005 Q1,"Agriculture, forestry and fishing",95.0797891058127,UK,GVA
146,2005 Q2,"Agriculture, forestry and fishing",93.47463059598881,UK,GVA
147,2005 Q3,"Agriculture, forestry and fishing",96.55322056559892,UK,GVA
148,2005 Q4,"Agriculture, forestry and fishing",95.24376001961068,UK,GVA
149,2006 Q1,"Agriculture, forestry and fishing",95.49802519043915,UK,GVA
150,2006 Q2,"Agriculture, forestry and fishing",94.16455014678618,UK,GVA
151,2006 Q3,"Agriculture, forestry and fishing",97.39475109424355,UK,GVA
152,2006 Q4,"Agriculture, forestry and fishing",84.12538440115713,UK,GVA
153,2007 Q1,"Agriculture, forestry and fishing",81.62909675081431,UK,GVA
154,2007 Q2,"Agriculture, forestry and fishing",82.00349795719491,UK,GVA
155,2007 Q3,"Agriculture, forestry and fishing",79.82519428373615,UK,GVA
156,2007 Q4,"Agriculture, forestry and fishing",87.6463202739013,UK,GVA
157,2008 Q1,"Agriculture, forestry and fishing",94.88175052279513,UK,GVA
158,2008 Q2,"Agriculture, forestry and fishing",102.78820773144177,UK,GVA
159,2008 Q3,"Agriculture, forestry and fishing",107.29802744636577,UK,GVA
160,2008 Q4,"Agriculture, forestry and fishing",104.26663400339122,UK,GVA
161,2009 Q1,"Agriculture, forestry and fishing",115.24431605786043,UK,GVA
162,2009 Q2,"Agriculture, forestry and fishing",111.5445519292859,UK,GVA
163,2009 Q3,"Agriculture, forestry and fishing",105.43956332886437,UK,GVA
164,2009 Q4,"Agriculture, forestry and fishing",103.87919926043733,UK,GVA
165,2010 Q1,"Agriculture, forestry and fishing",95.06169720984772,UK,GVA
166,2010 Q2,"Agriculture, forestry and fishing",88.04230211909353,UK,GVA
167,2010 Q3,"Agriculture, forestry and fishing",85.19642845511446,UK,GVA
168,2010 Q4,"Agriculture, forestry and fishing",82.76216289982526,UK,GVA
169,2011 Q1,"Agriculture, forestry and fishing",90.9782158511889,UK,GVA
170,2011 Q2,"Agriculture, forestry and fishing",92.02258913332862,UK,GVA
171,2011 Q3,"Agriculture, forestry and fishing",91.34009825354741,UK,GVA
172,2011 Q4,"Agriculture, forestry and fishing",90.68415105112678,UK,GVA
173,2012 Q1,"Agriculture, forestry and fishing",90.5857227488434,UK,GVA
174,2012 Q2,"Agriculture, forestry and fishing",87.44421466825727,UK,GVA
175,2012 Q3,"Agriculture, forestry and fishing",84.92224758286201,UK,GVA
176,2012 Q4,"Agriculture, forestry and fishing",84.98769487353388,UK,GVA
177,2013 Q1,"Agriculture, forestry and fishing",80.9665533460714,UK,GVA
178,2013 Q2,"Agriculture, forestry and fishing",84.05260376031195,UK,GVA
179,2013 Q3,"Agriculture, forestry and fishing",91.13161886088098,UK,GVA
180,2013 Q4,"Agriculture, forestry and fishing",93.32474810275778,UK,GVA
181,2014 Q1,"Agriculture, forestry and fishing",106.32726727376513,UK,GVA
182,2014 Q2,"Agriculture, forestry and fishing",112.09346017995622,UK,GVA
183,2014 Q3,"Agriculture, forestry and fishing",115.68554352977208,UK,GVA
184,2014 Q4,"Agriculture, forestry and fishing",121.08162466750898,UK,GVA
185,2015 Q1,"Agriculture, forestry and fishing",103.88973539092908,UK,GVA
186,2015 Q2,"Agriculture, forestry and fishing",102.343459743069,UK,GVA
187,2015 Q3,"Agriculture, forestry and fishing",98.54017717920523,UK,GVA
188,2015 Q4,"Agriculture, forestry and fishing",97.67962696505901,UK,GVA
189,2016 Q1,"Agriculture, forestry and fishing",92.97855551112544,UK,GVA
190,2016 Q2,"Agriculture, forestry and fishing",91.75522687869838,UK,GVA
191,2016 Q3,"Agriculture, forestry and fishing",92.49484036221283,UK,GVA
192,2016 Q4,"Agriculture, forestry and fishing",94.21677325919912,UK,GVA
193,2017 Q1,"Agriculture, forestry and fishing",97.21912561873157,UK,GVA
194,2017 Q2,"Agriculture, forestry and fishing",95.40526530094141,UK,GVA
195,2017 Q3,"Agriculture, forestry and fishing",91.23254456924593,UK,GVA
196,2017 Q4,"Agriculture, forestry and fishing",89.03189133551012,UK,GVA
197,2018 Q1,"Agriculture, forestry and fishing",81.63815858560392,UK,GVA
198,2018 Q2,"Agriculture, forestry and fishing",78.93726792353553,UK,GVA
199,2018 Q3,"Agriculture, forestry and fishing",79.9344764526539,UK,GVA
200,2018 Q4,"Agriculture, forestry and fishing",82.67097262687246,UK,GVA
201,2019 Q1,"Agriculture, forestry and fishing",84.64051094513634,UK,GVA
202,2019 Q2,"Agriculture, forestry and fishing",93.10685736554478,UK,GVA
203,2019 Q3,"Agriculture, forestry and fishing",100.61406640145232,UK,GVA
204,2019 Q4,"Agriculture, forestry and fishing",105.46341895845772,UK,GVA
205,2020 Q1,"Agriculture, forestry and fishing",105.49082687812641,UK,GVA
206,2020 Q2,"Agriculture, forestry and fishing",96.29815469969091,UK,GVA
207,2020 Q3,"Agriculture, forestry and fishing",99.13410228657224,UK,GVA
208,2020 Q4,"Agriculture, forestry and fishing",99.07691613561043,UK,GVA
209,2021 Q1,"Agriculture, forestry and fishing",92.52788492105289,UK,GVA
210,2021 Q2,"Agriculture, forestry and fishing",86.83613759309469,UK,GVA
211,2021 Q3,"Agriculture, forestry and fishing",83.00218078201537,UK,GVA
212,2021 Q4,"Agriculture, forestry and fishing",82.24931134662774,UK,GVA
213,2022 Q1,"Agriculture, forestry and fishing",87.80433681238523,UK,GVA
214,2022 Q2,"Agriculture, forestry and fishing",90.92186216892094,UK,GVA
215,2022 Q3,"Agriculture, forestry and fishing",93.11342179425282,UK,GVA
216,2022 Q4,"Agriculture, forestry and fishing",94.1064997535162,UK,GVA
217,2023 Q1,"Agriculture, forestry and fishing",94.28209345541391,UK,GVA
218,2023 Q2,"Agriculture, forestry and fishing",94.6249879458851,UK,GVA
219,2023 Q3,"Agriculture, forestry and fishing",94.81796816951096,UK,GVA
220,2023 Q4,"Agriculture, forestry and fishing",95.21718456863586,UK,GVA
221,2024 Q1,"Agriculture, forestry and fishing",94.86186659498539,UK,GVA
222,2024 Q2,"Agriculture, forestry and fishing",95.17245367446756,UK,GVA
223,2024 Q3,"Agriculture, forestry and fishing",95.10783885248954,UK,GVA
224,2024 Q4,"Agriculture, forestry and fishing",96.42309490572053,UK,GVA
225,2025 Q1,"Agriculture, forestry and fishing",96.84632580251012,UK,GVA
226,1997 Q1,Real estate,51.61799928655149,UK,GVA
227,1997 Q2,Real estate,50.18600621719411,UK,GVA
228,1997 Q3,Real estate,48.23931101258727,UK,GVA
229,1997 Q4,Real estate,46.71558884981909,UK,GVA
230,1998 Q1,Real estate,46.333384293940775,UK,GVA
231,1998 Q2,Real estate,45.99704428476786,UK,GVA
232,1998 Q3,Real estate,45.650512154104874,UK,GVA
233,1998 Q4,Real estate,45.21225093003108,UK,GVA
234,1999 Q1,Real estate,45.88493094837691,UK,GVA
235,1999 Q2,Real estate,44.58543545839066,UK,GVA
236,1999 Q3,Real estate,44.335728481883514,UK,GVA
237,1999 Q4,Real estate,43.51016664118636,UK,GVA
238,2000 Q1,Real estate,43.19421087499363,UK,GVA
239,2000 Q2,Real estate,42.312592366101,UK,GVA
240,2000 Q3,Real estate,42.80181419762523,UK,GVA
241,2000 Q4,Real estate,42.98527238444681,UK,GVA
242,2001 Q1,Real estate,42.236151454925334,UK,GVA
243,2001 Q2,Real estate,42.55720328186312,UK,GVA
244,2001 Q3,Real estate,43.35728481883503,UK,GVA
245,2001 Q4,Real estate,43.6885287672629,UK,GVA
246,2002 Q1,Real estate,43.78535392141874,UK,GVA
247,2002 Q2,Real estate,45.00840850022932,UK,GVA
248,2002 Q3,Real estate,45.278499719716656,UK,GVA
249,2002 Q4,Real estate,46.70030066758395,UK,GVA
250,2003 Q1,Real estate,48.82535799826734,UK,GVA
251,2003 Q2,Real estate,49.691688324924826,UK,GVA
252,2003 Q3,Real estate,48.845742241247514,UK,GVA
253,2003 Q4,Real estate,48.23421495184222,UK,GVA
254,2004 Q1,Real estate,47.78576160627835,UK,GVA
255,2004 Q2,Real estate,47.204810681343325,UK,GVA
256,2004 Q3,Real estate,47.750089181063046,UK,GVA
257,2004 Q4,Real estate,47.90806706415939,UK,GVA
258,2005 Q1,Real estate,49.23304285787086,UK,GVA
259,2005 Q2,Real estate,50.53763440860215,UK,GVA
260,2005 Q3,Real estate,51.49569382867043,UK,GVA
261,2005 Q4,Real estate,52.31106354787749,UK,GVA
262,2006 Q1,Real estate,52.10212505733068,UK,GVA
263,2006 Q2,Real estate,52.19385415074147,UK,GVA
264,2006 Q3,Real estate,51.984915660194666,UK,GVA
265,2006 Q4,Real estate,51.674055954746976,UK,GVA
266,2007 Q1,Real estate,52.19385415074147,UK,GVA
267,2007 Q2,Real estate,53.26912296794578,UK,GVA
268,2007 Q3,Real estate,54.527849971971676,UK,GVA
269,2007 Q4,Real estate,56.40320032614788,UK,GVA
270,2008 Q1,Real estate,57.63644702644854,UK,GVA
271,2008 Q2,Real estate,58.711715843652854,UK,GVA
272,2008 Q3,Real estate,59.38439586199868,UK,GVA
273,2008 Q4,Real estate,60.225245884930935,UK,GVA
274,2009 Q1,Real estate,62.4165520052999,UK,GVA
275,2009 Q2,Real estate,63.89440962136269,UK,GVA
276,2009 Q3,Real estate,64.63843449013913,UK,GVA
277,2009 Q4,Real estate,66.22840544259287,UK,GVA
278,2010 Q1,Real estate,66.86541303572339,UK,GVA
279,2010 Q2,Real estate,69.54084492687153,UK,GVA
280,2010 Q3,Real estate,71.7219589257504,UK,GVA
281,2010 Q4,Real estate,73.58711715843653,UK,GVA
282,2011 Q1,Real estate,76.05361055903785,UK,GVA
283,2011 Q2,Real estate,78.60673699230493,UK,GVA
284,2011 Q3,Real estate,80.94073281353515,UK,GVA
285,2011 Q4,Real estate,83.3766498496662,UK,GVA
286,2012 Q1,Real estate,86.3935178107323,UK,GVA
287,2012 Q2,Real estate,88.68164908525709,UK,GVA
288,2012 Q3,Real estate,90.68949701880446,UK,GVA
289,2012 Q4,Real estate,91.91764765836008,UK,GVA
290,2013 Q1,Real estate,91.58640370993221,UK,GVA
291,2013 Q2,Real estate,93.0183967792896,UK,GVA
292,2013 Q3,Real estate,94.14462620394434,UK,GVA
293,2013 Q4,Real estate,95.37277684349998,UK,GVA
294,2014 Q1,Real estate,96.80476991285735,UK,GVA
295,2014 Q2,Real estate,97.51312235641848,UK,GVA
296,2014 Q3,Real estate,97.84946236559139,UK,GVA
297,2014 Q4,Real estate,97.51821841716351,UK,GVA
298,2015 Q1,Real estate,97.53860266014371,UK,GVA
299,2015 Q2,Real estate,98.80242572491463,UK,GVA
300,2015 Q3,Real estate,100.44845334556388,UK,GVA
301,2015 Q4,Real estate,99.82163787392345,UK,GVA
302,2016 Q1,Real estate,99.64837180859195,UK,GVA
303,2016 Q2,Real estate,98.60877541660295,UK,GVA
304,2016 Q3,Real estate,97.6303317535545,UK,GVA
305,2016 Q4,Real estate,98.31829995413544,UK,GVA
306,2017 Q1,Real estate,98.5883911736228,UK,GVA
307,2017 Q2,Real estate,99.36808846761454,UK,GVA
308,2017 Q3,Real estate,99.86240635988379,UK,GVA
309,2017 Q4,Real estate,99.88279060286398,UK,GVA
310,2018 Q1,Real estate,98.7871375426795,UK,GVA
311,2018 Q2,Real estate,98.88396269683534,UK,GVA
312,2018 Q3,Real estate,100.36691637364316,UK,GVA
313,2018 Q4,Real estate,100.84085002293226,UK,GVA
314,2019 Q1,Real estate,100.43826122407378,UK,GVA
315,2019 Q2,Real estate,102.07919278397799,UK,GVA
316,2019 Q3,Real estate,102.68052795189317,UK,GVA
317,2019 Q4,Real estate,103.92906283442898,UK,GVA
318,2020 Q1,Real estate,104.59664679202976,UK,GVA
319,2020 Q2,Real estate,97.30927992661672,UK,GVA
320,2020 Q3,Real estate,98.7056005707588,UK,GVA
321,2020 Q4,Real estate,99.3884727105947,UK,GVA
322,2021 Q1,Real estate,102.98119553585077,UK,GVA
323,2021 Q2,Real estate,102.80283340977425,UK,GVA
324,2021 Q3,Real estate,102.40534067166081,UK,GVA
325,2021 Q4,Real estate,102.89965856393006,UK,GVA
326,2022 Q1,Real estate,103.89339040921368,UK,GVA
327,2022 Q2,Real estate,106.29873108087445,UK,GVA
328,2022 Q3,Real estate,107.0376598889059,UK,GVA
329,2022 Q4,Real estate,106.43122866024557,UK,GVA
330,2023 Q1,Real estate,105.70758803444934,UK,GVA
331,2023 Q2,Real estate,104.38770830148295,UK,GVA
332,2023 Q3,Real estate,102.2320746063293,UK,GVA
333,2023 Q4,Real estate,101.9874636905672,UK,GVA
334,2024 Q1,Real estate,101.76323701778524,UK,GVA
335,2024 Q2,Real estate,101.24853488253581,UK,GVA
336,2024 Q3,Real estate,100.85613820516741,UK,GVA
337,2024 Q4,Real estate,101.17209397136013,UK,GVA
338,2025 Q1,Real estate,100.70325638281608,UK,GVA
339,1997 Q1,Manufacturing,75.45948431955671,UK,GVA
340,1997 Q2,Manufacturing,76.86128516601683,UK,GVA
341,1997 Q3,Manufacturing,77.93208552689964,UK,GVA
342,1997 Q4,Manufacturing,79.20292095732904,UK,GVA
343,1998 Q1,Manufacturing,79.59744364166387,UK,GVA
344,1998 Q2,Manufacturing,80.46502576805385,UK,GVA
345,1998 Q3,Manufacturing,79.89658423877016,UK,GVA
346,1998 Q4,Manufacturing,80.12075598890094,UK,GVA
347,1999 Q1,Manufacturing,82.14797552683282,UK,GVA
348,1999 Q2,Manufacturing,83.24209292612903,UK,GVA
349,1999 Q3,Manufacturing,84.43437436625906,UK,GVA
350,1999 Q4,Manufacturing,84.54930622402038,UK,GVA
351,2000 Q1,Manufacturing,86.07027185345206,UK,GVA
352,2000 Q2,Manufacturing,85.81350584688265,UK,GVA
353,2000 Q3,Manufacturing,85.92877099753375,UK,GVA
354,2000 Q4,Manufacturing,87.99298774371971,UK,GVA
355,2001 Q1,Manufacturing,87.69298705985378,UK,GVA
356,2001 Q2,Manufacturing,86.93555468063316,UK,GVA
357,2001 Q3,Manufacturing,88.10810551626172,UK,GVA
358,2001 Q4,Manufacturing,87.15259557081825,UK,GVA
359,2002 Q1,Manufacturing,87.41584260899012,UK,GVA
360,2002 Q2,Manufacturing,85.95002107640347,UK,GVA
361,2002 Q3,Manufacturing,91.63816170552099,UK,GVA
362,2002 Q4,Manufacturing,90.4437089676291,UK,GVA
363,2003 Q1,Manufacturing,89.95619376758619,UK,GVA
364,2003 Q2,Manufacturing,89.24130970887487,UK,GVA
365,2003 Q3,Manufacturing,89.5996819211719,UK,GVA
366,2003 Q4,Manufacturing,91.06058275726602,UK,GVA
367,2004 Q1,Manufacturing,92.77278847924015,UK,GVA
368,2004 Q2,Manufacturing,92.72163354792244,UK,GVA
369,2004 Q3,Manufacturing,91.08245983852667,UK,GVA
370,2004 Q4,Manufacturing,91.25055811443126,UK,GVA
371,2005 Q1,Manufacturing,91.55577286329778,UK,GVA
372,2005 Q2,Manufacturing,92.10311709229227,UK,GVA
373,2005 Q3,Manufacturing,92.03072729503151,UK,GVA
374,2005 Q4,Manufacturing,93.26303617550406,UK,GVA
375,2006 Q1,Manufacturing,94.59854351821456,UK,GVA
376,2006 Q2,Manufacturing,97.5327434258855,UK,GVA
377,2006 Q3,Manufacturing,98.34648845222954,UK,GVA
378,2006 Q4,Manufacturing,99.2812960879291,UK,GVA
379,2007 Q1,Manufacturing,97.43184313194034,UK,GVA
380,2007 Q2,Manufacturing,96.19400042357704,UK,GVA
381,2007 Q3,Manufacturing,96.26980693855434,UK,GVA
382,2007 Q4,Manufacturing,97.24826126924724,UK,GVA
383,2008 Q1,Manufacturing,96.5354707932563,UK,GVA
384,2008 Q2,Manufacturing,95.91427840430262,UK,GVA
385,2008 Q3,Manufacturing,94.82921480265267,UK,GVA
386,2008 Q4,Manufacturing,91.81274039757491,UK,GVA
387,2009 Q1,Manufacturing,85.96852198903255,UK,GVA
388,2009 Q2,Manufacturing,85.65259868406481,UK,GVA
389,2009 Q3,Manufacturing,86.32192543402032,UK,GVA
390,2009 Q4,Manufacturing,87.52473691414205,UK,GVA
391,2010 Q1,Manufacturing,87.79292251685537,UK,GVA
392,2010 Q2,Manufacturing,88.99770335042896,UK,GVA
393,2010 Q3,Manufacturing,88.07941482653985,UK,GVA
394,2010 Q4,Manufacturing,87.13191618778102,UK,GVA
395,2011 Q1,Manufacturing,83.86378189970696,UK,GVA
396,2011 Q2,Manufacturing,83.47174049082356,UK,GVA
397,2011 Q3,Manufacturing,83.29783155331079,UK,GVA
398,2011 Q4,Manufacturing,84.60923079316129,UK,GVA
399,2012 Q1,Manufacturing,85.95254959981919,UK,GVA
400,2012 Q2,Manufacturing,87.34005123244671,UK,GVA
401,2012 Q3,Manufacturing,88.33959600920035,UK,GVA
402,2012 Q4,Manufacturing,88.17854151824591,UK,GVA
403,2013 Q1,Manufacturing,87.88905016978761,UK,GVA
404,2013 Q2,Manufacturing,89.38099659739261,UK,GVA
405,2013 Q3,Manufacturing,91.3869409461928,UK,GVA
406,2013 Q4,Manufacturing,92.23559678683625,UK,GVA
407,2014 Q1,Manufacturing,93.41277136617256,UK,GVA
408,2014 Q2,Manufacturing,93.66783584050076,UK,GVA
409,2014 Q3,Manufacturing,94.55500357008614,UK,GVA
410,2014 Q4,Manufacturing,95.32686239622974,UK,GVA
411,2015 Q1,Manufacturing,97.2297644817858,UK,GVA
412,2015 Q2,Manufacturing,98.19114779644917,UK,GVA
413,2015 Q3,Manufacturing,98.0663230694682,UK,GVA
414,2015 Q4,Manufacturing,98.2969315984976,UK,GVA
415,2016 Q1,Manufacturing,96.27979083710326,UK,GVA
416,2016 Q2,Manufacturing,96.3623473848419,UK,GVA
417,2016 Q3,Manufacturing,94.89119241610997,UK,GVA
418,2016 Q4,Manufacturing,95.28699236739602,UK,GVA
419,2017 Q1,Manufacturing,96.1508269806541,UK,GVA
420,2017 Q2,Manufacturing,96.75669715709257,UK,GVA
421,2017 Q3,Manufacturing,97.73042282224253,UK,GVA
422,2017 Q4,Manufacturing,100.1285567061226,UK,GVA
423,2018 Q1,Manufacturing,100.82555280599637,UK,GVA
424,2018 Q2,Manufacturing,101.29325252458881,UK,GVA
425,2018 Q3,Manufacturing,100.77418721686786,UK,GVA
426,2018 Q4,Manufacturing,97.66769065045325,UK,GVA
427,2019 Q1,Manufacturing,99.32379803317217,UK,GVA
428,2019 Q2,Manufacturing,98.66610864433996,UK,GVA
429,2019 Q3,Manufacturing,99.92706558730488,UK,GVA
430,2019 Q4,Manufacturing,101.91556572383456,UK,GVA
431,2020 Q1,Manufacturing,103.369175857687,UK,GVA
432,2020 Q2,Manufacturing,82.75570911534092,UK,GVA
433,2020 Q3,Manufacturing,105.25803008690858,UK,GVA
434,2020 Q4,Manufacturing,108.6170849400635,UK,GVA
435,2021 Q1,Manufacturing,104.46226240306042,UK,GVA
436,2021 Q2,Manufacturing,104.48170760512585,UK,GVA
437,2021 Q3,Manufacturing,101.26733095890282,UK,GVA
438,2021 Q4,Manufacturing,99.42296778722,UK,GVA
439,2022 Q1,Manufacturing,96.52083369079179,UK,GVA
440,2022 Q2,Manufacturing,94.83398954728767,UK,GVA
441,2022 Q3,Manufacturing,92.75192058554713,UK,GVA
442,2022 Q4,Manufacturing,92.19704059089459,UK,GVA
443,2023 Q1,Manufacturing,92.37333282051915,UK,GVA
444,2023 Q2,Manufacturing,93.3721939633394,UK,GVA
445,2023 Q3,Manufacturing,92.27480454828918,UK,GVA
446,2023 Q4,Manufacturing,90.69761575182763,UK,GVA
447,2024 Q1,Manufacturing,91.58415944718548,UK,GVA
448,2024 Q2,Manufacturing,90.38093822230499,UK,GVA
449,2024 Q3,Manufacturing,90.21428280687823,UK,GVA
450,2024 Q4,Manufacturing,89.73992437018101,UK,GVA
451,2025 Q1,Manufacturing,91.13474888150982,UK,GVA
452,1997 Q1,Construction,103.32344732590666,UK,GVA
453,1997 Q2,Construction,107.19821986994276,UK,GVA
454,1997 Q3,Construction,107.00586067119619,UK,GVA
455,1997 Q4,Construction,110.70817520261069,UK,GVA
456,1998 Q1,Construction,113.13917076315498,UK,GVA
457,1998 Q2,Construction,110.67455608535042,UK,GVA
458,1998 Q3,Construction,111.31220998372228,UK,GVA
459,1998 Q4,Construction,113.94505404385036,UK,GVA
460,1999 Q1,Construction,116.08584797598891,UK,GVA
461,1999 Q2,Construction,117.26400358652025,UK,GVA
462,1999 Q3,Construction,119.17059453943742,UK,GVA
463,1999 Q4,Construction,118.64814705685059,UK,GVA
464,2000 Q1,Construction,120.56530604872972,UK,GVA
465,2000 Q2,Construction,117.76111446131996,UK,GVA
466,2000 Q3,Construction,114.79304017750167,UK,GVA
467,2000 Q4,Construction,116.68353356956736,UK,GVA
468,2001 Q1,Construction,116.02422866190425,UK,GVA
469,2001 Q2,Construction,117.8858424053024,UK,GVA
470,2001 Q3,Construction,116.37301404580849,UK,GVA
471,2001 Q4,Construction,116.6096074320786,UK,GVA
472,2002 Q1,Construction,115.3644659137972,UK,GVA
473,2002 Q2,Construction,113.98375009139518,UK,GVA
474,2002 Q3,Construction,114.72028026613144,UK,GVA
475,2002 Q4,Construction,114.798517363912,UK,GVA
476,2003 Q1,Construction,110.38969003223042,UK,GVA
477,2003 Q2,Construction,111.49036637593129,UK,GVA
478,2003 Q3,Construction,111.99429808473487,UK,GVA
479,2003 Q4,Construction,112.56145956363535,UK,GVA
480,2004 Q1,Construction,114.91019604171504,UK,GVA
481,2004 Q2,Construction,111.11755731748352,UK,GVA
482,2004 Q3,Construction,109.789560292765,UK,GVA
483,2004 Q4,Construction,108.64948742844673,UK,GVA
484,2005 Q1,Construction,110.23168685946322,UK,GVA
485,2005 Q2,Construction,110.48589557897846,UK,GVA
486,2005 Q3,Construction,108.69162258024019,UK,GVA
487,2005 Q4,Construction,108.38424534674303,UK,GVA
488,2006 Q1,Construction,109.79436175836756,UK,GVA
489,2006 Q2,Construction,110.35830349982217,UK,GVA
490,2006 Q3,Construction,110.31313677787733,UK,GVA
491,2006 Q4,Construction,111.11269665170546,UK,GVA
492,2007 Q1,Construction,110.98249884858294,UK,GVA
493,2007 Q2,Construction,109.31340925737258,UK,GVA
494,2007 Q3,Construction,106.59331721964713,UK,GVA
495,2007 Q4,Construction,106.85681273009648,UK,GVA
496,2008 Q1,Construction,106.65546592683692,UK,GVA
497,2008 Q2,Construction,104.37055806236333,UK,GVA
498,2008 Q3,Construction,101.07473967845249,UK,GVA
499,2008 Q4,Construction,95.66401754175938,UK,GVA
500,2009 Q1,Construction,88.13775935039891,UK,GVA
501,2009 Q2,Construction,87.59065119848798,UK,GVA
502,2009 Q3,Construction,89.15960100710257,UK,GVA
503,2009 Q4,Construction,87.53375384375182,UK,GVA
504,2010 Q1,Construction,91.40333728872211,UK,GVA
505,2010 Q2,Construction,95.46403334565584,UK,GVA
506,2010 Q3,Construction,97.28648985007817,UK,GVA
507,2010 Q4,Construction,95.50270622644994,UK,GVA
508,2011 Q1,Construction,97.92137806295422,UK,GVA
509,2011 Q2,Construction,100.22635333131353,UK,GVA
510,2011 Q3,Construction,99.62605343776858,UK,GVA
511,2011 Q4,Construction,101.50023524021059,UK,GVA
512,2012 Q1,Construction,99.7116670942538,UK,GVA
513,2012 Q2,Construction,99.62343569542706,UK,GVA
514,2012 Q3,Construction,98.19564788693678,UK,GVA
515,2012 Q4,Construction,100.34537654040211,UK,GVA
516,2013 Q1,Construction,101.47975800072184,UK,GVA
517,2013 Q2,Construction,103.18569997191223,UK,GVA
518,2013 Q3,Construction,105.17443846483532,UK,GVA
519,2013 Q4,Construction,105.06294597174772,UK,GVA
520,2014 Q1,Construction,105.54549260356725,UK,GVA
521,2014 Q2,Construction,106.43977236945861,UK,GVA
522,2014 Q3,Construction,107.04977811678754,UK,GVA
523,2014 Q4,Construction,107.9736371355172,UK,GVA
524,2015 Q1,Construction,110.93377937726781,UK,GVA
525,2015 Q2,Construction,112.60113275586204,UK,GVA
526,2015 Q3,Construction,110.71340447885747,UK,GVA
527,2015 Q4,Construction,111.84245009426354,UK,GVA
528,2016 Q1,Construction,110.82358581701848,UK,GVA
529,2016 Q2,Construction,109.43590944122828,UK,GVA
530,2016 Q3,Construction,109.21363413710922,UK,GVA
531,2016 Q4,Construction,110.04328707755045,UK,GVA
532,2017 Q1,Construction,113.50909317216629,UK,GVA
533,2017 Q2,Construction,114.04756189534753,UK,GVA
534,2017 Q3,Construction,113.76286941320902,UK,GVA
535,2017 Q4,Construction,115.51066164417982,UK,GVA
536,2018 Q1,Construction,113.69081928297018,UK,GVA
537,2018 Q2,Construction,114.58190018976708,UK,GVA
538,2018 Q3,Construction,113.75938476450378,UK,GVA
539,2018 Q4,Construction,112.39383349786496,UK,GVA
540,2019 Q1,Construction,114.06173598391298,UK,GVA
541,2019 Q2,Construction,112.70617973156658,UK,GVA
542,2019 Q3,Construction,114.3634766648289,UK,GVA
543,2019 Q4,Construction,112.17458546766082,UK,GVA
544,2020 Q1,Construction,112.68527656508071,UK,GVA
545,2020 Q2,Construction,76.62187385445137,UK,GVA
546,2020 Q3,Construction,103.22892619803422,UK,GVA
547,2020 Q4,Construction,107.46392338243376,UK,GVA
548,2021 Q1,Construction,109.46587068938489,UK,GVA
549,2021 Q2,Construction,112.0100885954563,UK,GVA
550,2021 Q3,Construction,108.7535163363116,UK,GVA
551,2021 Q4,Construction,111.03539109936038,UK,GVA
552,2022 Q1,Construction,114.85790607586691,UK,GVA
553,2022 Q2,Construction,117.43890209948971,UK,GVA
554,2022 Q3,Construction,118.52254824328013,UK,GVA
555,2022 Q4,Construction,120.69422130257259,UK,GVA
556,2023 Q1,Construction,118.44031184756459,UK,GVA
557,2023 Q2,Construction,119.37974415888033,UK,GVA
558,2023 Q3,Construction,120.71251315474217,UK,GVA
559,2023 Q4,Construction,118.88101071061774,UK,GVA
560,2024 Q1,Construction,118.70193455447516,UK,GVA
561,2024 Q2,Construction,118.99909440200882,UK,GVA
562,2024 Q3,Construction,119.42405075918143,UK,GVA
563,2024 Q4,Construction,119.79844921793341,UK,GVA
564,2025 Q1,Construction,120.11561976883347,UK,GVA
565,1997 Q1,Trade & Hospitality,117.19831611343643,UK,GVA
566,1997 Q2,Trade & Hospitality,118.76831870734614,UK,GVA
567,1997 Q3,Trade & Hospitality,120.44006321636253,UK,GVA
568,1997 Q4,Trade & Hospitality,122.86213755481474,UK,GVA
569,1998 Q1,Trade & Hospitality,119.53502879652333,UK,GVA
570,1998 Q2,Trade & Hospitality,119.2474957904756,UK,GVA
571,1998 Q3,Trade & Hospitality,119.82803903475654,UK,GVA
572,1998 Q4,Trade & Hospitality,120.8441880784852,UK,GVA
573,1999 Q1,Trade & Hospitality,122.39230591358059,UK,GVA
574,1999 Q2,Trade & Hospitality,125.16648491316154,UK,GVA
575,1999 Q3,Trade & Hospitality,125.84552230301756,UK,GVA
576,1999 Q4,Trade & Hospitality,127.14529175049327,UK,GVA
577,2000 Q1,Trade & Hospitality,132.36637652882882,UK,GVA
578,2000 Q2,Trade & Hospitality,131.3524928554967,UK,GVA
579,2000 Q3,Trade & Hospitality,133.90076750256213,UK,GVA
580,2000 Q4,Trade & Hospitality,133.24047910610614,UK,GVA
581,2001 Q1,Trade & Hospitality,130.66059624079455,UK,GVA
582,2001 Q2,Trade & Hospitality,131.42272908888398,UK,GVA
583,2001 Q3,Trade & Hospitality,132.46447021740403,UK,GVA
584,2001 Q4,Trade & Hospitality,129.24168297255287,UK,GVA
585,2002 Q1,Trade & Hospitality,127.33526291779953,UK,GVA
586,2002 Q2,Trade & Hospitality,127.3197699630654,UK,GVA
587,2002 Q3,Trade & Hospitality,128.61364990762928,UK,GVA
588,2002 Q4,Trade & Hospitality,127.0034569811036,UK,GVA
589,2003 Q1,Trade & Hospitality,128.91342617462732,UK,GVA
590,2003 Q2,Trade & Hospitality,131.92190055093192,UK,GVA
591,2003 Q3,Trade & Hospitality,132.55992681406718,UK,GVA
592,2003 Q4,Trade & Hospitality,133.02367377691093,UK,GVA
593,2004 Q1,Trade & Hospitality,137.0456748639286,UK,GVA
594,2004 Q2,Trade & Hospitality,139.3084883719113,UK,GVA
595,2004 Q3,Trade & Hospitality,140.28641967733745,UK,GVA
596,2004 Q4,Trade & Hospitality,144.70656592800364,UK,GVA
597,2005 Q1,Trade & Hospitality,144.8342828898879,UK,GVA
598,2005 Q2,Trade & Hospitality,143.91778472749007,UK,GVA
599,2005 Q3,Trade & Hospitality,143.58498395243765,UK,GVA
600,2005 Q4,Trade & Hospitality,146.03938288117453,UK,GVA
601,2006 Q1,Trade & Hospitality,145.52197468793065,UK,GVA
602,2006 Q2,Trade & Hospitality,144.90564947846732,UK,GVA
603,2006 Q3,Trade & Hospitality,142.67918326514138,UK,GVA
604,2006 Q4,Trade & Hospitality,138.59741186341026,UK,GVA
605,2007 Q1,Trade & Hospitality,137.98866847853438,UK,GVA
606,2007 Q2,Trade & Hospitality,139.4516355362743,UK,GVA
607,2007 Q3,Trade & Hospitality,141.3822106650739,UK,GVA
608,2007 Q4,Trade & Hospitality,142.3014117278305,UK,GVA
609,2008 Q1,Trade & Hospitality,149.46232580830417,UK,GVA
610,2008 Q2,Trade & Hospitality,147.83217991077214,UK,GVA
611,2008 Q3,Trade & Hospitality,142.3687846168858,UK,GVA
612,2008 Q4,Trade & Hospitality,135.4794403340676,UK,GVA
613,2009 Q1,Trade & Hospitality,127.90401849420266,UK,GVA
614,2009 Q2,Trade & Hospitality,119.90587552780289,UK,GVA
615,2009 Q3,Trade & Hospitality,120.33274495929665,UK,GVA
616,2009 Q4,Trade & Hospitality,124.46934040718088,UK,GVA
617,2010 Q1,Trade & Hospitality,128.64366987877165,UK,GVA
618,2010 Q2,Trade & Hospitality,134.32701216530026,UK,GVA
619,2010 Q3,Trade & Hospitality,138.06007971818605,UK,GVA
620,2010 Q4,Trade & Hospitality,138.38575685660592,UK,GVA
621,2011 Q1,Trade & Hospitality,140.6845179245574,UK,GVA
622,2011 Q2,Trade & Hospitality,142.14246180404447,UK,GVA
623,2011 Q3,Trade & Hospitality,141.56181101155195,UK,GVA
624,2011 Q4,Trade & Hospitality,142.68781389671253,UK,GVA
625,2012 Q1,Trade & Hospitality,143.8392652792253,UK,GVA
626,2012 Q2,Trade & Hospitality,145.8156596944387,UK,GVA
627,2012 Q3,Trade & Hospitality,146.92319519070767,UK,GVA
628,2012 Q4,Trade & Hospitality,148.28023816810173,UK,GVA
629,2013 Q1,Trade & Hospitality,152.2143482520019,UK,GVA
630,2013 Q2,Trade & Hospitality,151.42039530537153,UK,GVA
631,2013 Q3,Trade & Hospitality,153.82603268192773,UK,GVA
632,2013 Q4,Trade & Hospitality,153.45649136640833,UK,GVA
633,2014 Q1,Trade & Hospitality,153.6831154505916,UK,GVA
634,2014 Q2,Trade & Hospitality,154.88975728188524,UK,GVA
635,2014 Q3,Trade & Hospitality,153.99188171689482,UK,GVA
636,2014 Q4,Trade & Hospitality,152.1864059089999,UK,GVA
637,2015 Q1,Trade & Hospitality,147.64443950841883,UK,GVA
638,2015 Q2,Trade & Hospitality,145.43929347610728,UK,GVA
639,2015 Q3,Trade & Hospitality,145.5317272511291,UK,GVA
640,2015 Q4,Trade & Hospitality,145.16936490925707,UK,GVA
641,2016 Q1,Trade & Hospitality,146.35949732848036,UK,GVA
642,2016 Q2,Trade & Hospitality,147.6027350102323,UK,GVA
643,2016 Q3,Trade & Hospitality,149.3581400289787,UK,GVA
644,2016 Q4,Trade & Hospitality,150.65883731993355,UK,GVA
645,2017 Q1,Trade & Hospitality,153.0162524248062,UK,GVA
646,2017 Q2,Trade & Hospitality,155.60017741471623,UK,GVA
647,2017 Q3,Trade & Hospitality,157.63829928074597,UK,GVA
648,2017 Q4,Trade & Hospitality,156.4439915518604,UK,GVA
649,2018 Q1,Trade & Hospitality,155.2199173268531,UK,GVA
650,2018 Q2,Trade & Hospitality,159.79576995652894,UK,GVA
651,2018 Q3,Trade & Hospitality,162.7562855130967,UK,GVA
652,2018 Q4,Trade & Hospitality,165.5050819761533,UK,GVA
653,2019 Q1,Trade & Hospitality,166.74798138768062,UK,GVA
654,2019 Q2,Trade & Hospitality,165.77285594523923,UK,GVA
655,2019 Q3,Trade & Hospitality,165.32748665494339,UK,GVA
656,2019 Q4,Trade & Hospitality,163.8223640062332,UK,GVA
657,2020 Q1,Trade & Hospitality,141.06668813536584,UK,GVA
658,2020 Q2,Trade & Hospitality,55.28153954993728,UK,GVA
659,2020 Q3,Trade & Hospitality,106.64463896080092,UK,GVA
660,2020 Q4,Trade & Hospitality,97.00713335389595,UK,GVA
661,2021 Q1,Trade & Hospitality,92.3741501863934,UK,GVA
662,2021 Q2,Trade & Hospitality,113.15591904611838,UK,GVA
663,2021 Q3,Trade & Hospitality,124.54880184399056,UK,GVA
664,2021 Q4,Trade & Hospitality,125.88794935654623,UK,GVA
665,2022 Q1,Trade & Hospitality,133.7280394121789,UK,GVA
666,2022 Q2,Trade & Hospitality,137.88801288251526,UK,GVA
667,2022 Q3,Trade & Hospitality,141.8092225305763,UK,GVA
668,2022 Q4,Trade & Hospitality,143.2919806276059,UK,GVA
669,2023 Q1,Trade & Hospitality,143.50828716014067,UK,GVA
670,2023 Q2,Trade & Hospitality,141.54455360646483,UK,GVA
671,2023 Q3,Trade & Hospitality,139.47628009241063,UK,GVA
672,2023 Q4,Trade & Hospitality,140.60351462900806,UK,GVA
673,2024 Q1,Trade & Hospitality,144.16566226899226,UK,GVA
674,2024 Q2,Trade & Hospitality,146.816561604792,UK,GVA
675,2024 Q3,Trade & Hospitality,145.35050495357865,UK,GVA
676,2024 Q4,Trade & Hospitality,144.70194564934295,UK,GVA
677,2025 Q1,Trade & Hospitality,144.87846232008025,UK,GVA
678,1997 Q1,Information and communication,45.74203947334601,UK,GVA
679,1997 Q2,Information and communication,47.46172064752099,UK,GVA
680,1997 Q3,Information and communication,45.70040221797208,UK,GVA
681,1997 Q4,Information and communication,49.49001115947953,UK,GVA
682,1998 Q1,Information and communication,48.76443275573569,UK,GVA
683,1998 Q2,Information and communication,50.836318702291194,UK,GVA
684,1998 Q3,Information and communication,50.41578651367429,UK,GVA
685,1998 Q4,Information and communication,52.4459654919479,UK,GVA
686,1999 Q1,Information and communication,51.67822571790036,UK,GVA
687,1999 Q2,Information and communication,50.928301369049166,UK,GVA
688,1999 Q3,Information and communication,55.688003847070476,UK,GVA
689,1999 Q4,Information and communication,56.68390586898223,UK,GVA
690,2000 Q1,Information and communication,58.788131378694594,UK,GVA
691,2000 Q2,Information and communication,61.1350497083659,UK,GVA
692,2000 Q3,Information and communication,62.514248885966275,UK,GVA
693,2000 Q4,Information and communication,61.96271649824487,UK,GVA
694,2001 Q1,Information and communication,63.279503145557705,UK,GVA
695,2001 Q2,Information and communication,63.24916460053572,UK,GVA
696,2001 Q3,Information and communication,63.18798101458807,UK,GVA
697,2001 Q4,Information and communication,64.65825196754693,UK,GVA
698,2002 Q1,Information and communication,64.99289319439222,UK,GVA
699,2002 Q2,Information and communication,65.52901320593769,UK,GVA
700,2002 Q3,Information and communication,64.15265816291065,UK,GVA
701,2002 Q4,Information and communication,66.03763555957299,UK,GVA
702,2003 Q1,Information and communication,68.15759911472917,UK,GVA
703,2003 Q2,Information and communication,69.37539069509626,UK,GVA
704,2003 Q3,Information and communication,68.93563116986996,UK,GVA
705,2003 Q4,Information and communication,71.8246332191015,UK,GVA
706,2004 Q1,Information and communication,71.960589846668,UK,GVA
707,2004 Q2,Information and communication,72.42967029830399,UK,GVA
708,2004 Q3,Information and communication,75.22013859318768,UK,GVA
709,2004 Q4,Information and communication,74.3386037716355,UK,GVA
710,2005 Q1,Information and communication,75.27265638793517,UK,GVA
711,2005 Q2,Information and communication,75.73525481253614,UK,GVA
712,2005 Q3,Information and communication,78.12187399123772,UK,GVA
713,2005 Q4,Information and communication,78.8569146430802,UK,GVA
714,2006 Q1,Information and communication,79.14611415377996,UK,GVA
715,2006 Q2,Information and communication,75.59729282625474,UK,GVA
716,2006 Q3,Information and communication,76.93451729299909,UK,GVA
717,2006 Q4,Information and communication,78.28523850865786,UK,GVA
718,2007 Q1,Information and communication,80.07091054997998,UK,GVA
719,2007 Q2,Information and communication,82.49014917444454,UK,GVA
720,2007 Q3,Information and communication,84.94370449702139,UK,GVA
721,2007 Q4,Information and communication,83.97164768512715,UK,GVA
722,2008 Q1,Information and communication,85.5578296028413,UK,GVA
723,2008 Q2,Information and communication,85.96928763102699,UK,GVA
724,2008 Q3,Information and communication,84.35418879944089,UK,GVA
725,2008 Q4,Information and communication,83.8019098914211,UK,GVA
726,2009 Q1,Information and communication,82.87749924542128,UK,GVA
727,2009 Q2,Information and communication,83.72043977251063,UK,GVA
728,2009 Q3,Information and communication,83.93395108385752,UK,GVA
729,2009 Q4,Information and communication,86.14298677811105,UK,GVA
730,2010 Q1,Information and communication,84.55855273281328,UK,GVA
731,2010 Q2,Information and communication,83.583264572284,UK,GVA
732,2010 Q3,Information and communication,84.25667607671282,UK,GVA
733,2010 Q4,Information and communication,84.17728329525191,UK,GVA
734,2011 Q1,Information and communication,82.87336217240967,UK,GVA
735,2011 Q2,Information and communication,86.55910536606652,UK,GVA
736,2011 Q3,Information and communication,87.50927250924613,UK,GVA
737,2011 Q4,Information and communication,86.31597504525054,UK,GVA
738,2012 Q1,Information and communication,90.43926188685309,UK,GVA
739,2012 Q2,Information and communication,86.29286371694245,UK,GVA
740,2012 Q3,Information and communication,84.39380491323001,UK,GVA
741,2012 Q4,Information and communication,87.30482228323636,UK,GVA
742,2013 Q1,Information and communication,90.77124798196736,UK,GVA
743,2013 Q2,Information and communication,90.37342560810124,UK,GVA
744,2013 Q3,Information and communication,94.54358903235038,UK,GVA
745,2013 Q4,Information and communication,95.74655820896177,UK,GVA
746,2014 Q1,Information and communication,91.61547468584126,UK,GVA
747,2014 Q2,Information and communication,93.94602031289712,UK,GVA
748,2014 Q3,Information and communication,94.07018852688469,UK,GVA
749,2014 Q4,Information and communication,93.55328182005827,UK,GVA
750,2015 Q1,Information and communication,94.9462184456092,UK,GVA
751,2015 Q2,Information and communication,95.30723659494794,UK,GVA
752,2015 Q3,Information and communication,95.44107642606862,UK,GVA
753,2015 Q4,Information and communication,97.24874900040406,UK,GVA
754,2016 Q1,Information and communication,98.65052910683478,UK,GVA
755,2016 Q2,Information and communication,99.26526732467387,UK,GVA
756,2016 Q3,Information and communication,101.54748131729447,UK,GVA
757,2016 Q4,Information and communication,99.39461967777108,UK,GVA
758,2017 Q1,Information and communication,97.03977332271488,UK,GVA
759,2017 Q2,Information and communication,96.18890392223413,UK,GVA
760,2017 Q3,Information and communication,94.88910679138333,UK,GVA
761,2017 Q4,Information and communication,96.24815859147881,UK,GVA
762,2018 Q1,Information and communication,97.06491898522897,UK,GVA
763,2018 Q2,Information and communication,97.22893641625645,UK,GVA
764,2018 Q3,Information and communication,97.74336799876448,UK,GVA
765,2018 Q4,Information and communication,98.13921888479015,UK,GVA
766,2019 Q1,Information and communication,99.44669887150765,UK,GVA
767,2019 Q2,Information and communication,100.33269209783849,UK,GVA
768,2019 Q3,Information and communication,101.70690817136199,UK,GVA
769,2019 Q4,Information and communication,102.99135651297375,UK,GVA
770,2020 Q1,Information and communication,103.0117576310852,UK,GVA
771,2020 Q2,Information and communication,94.04188417819906,UK,GVA
772,2020 Q3,Information and communication,100.27035699648026,UK,GVA
773,2020 Q4,Information and communication,102.6760011942355,UK,GVA
774,2021 Q1,Information and communication,103.1574969062253,UK,GVA
775,2021 Q2,Information and communication,106.82990556356513,UK,GVA
776,2021 Q3,Information and communication,107.37857232004386,UK,GVA
777,2021 Q4,Information and communication,110.91772014103383,UK,GVA
778,2022 Q1,Information and communication,113.23046753065056,UK,GVA
779,2022 Q2,Information and communication,113.25426533382985,UK,GVA
780,2022 Q3,Information and communication,112.65869275855118,UK,GVA
781,2022 Q4,Information and communication,111.88804654533561,UK,GVA
782,2023 Q1,Information and communication,110.91334713864289,UK,GVA
783,2023 Q2,Information and communication,111.86723084395345,UK,GVA
784,2023 Q3,Information and communication,110.81875889782127,UK,GVA
785,2023 Q4,Information and communication,109.60051772159811,UK,GVA
786,2024 Q1,Information and communication,110.29683901292515,UK,GVA
787,2024 Q2,Information and communication,112.95318806474728,UK,GVA
788,2024 Q3,Information and communication,112.77162284423747,UK,GVA
789,2024 Q4,Information and communication,113.53537564361274,UK,GVA
790,2025 Q1,Information and communication,117.49388217082645,UK,GVA
791,1997 Q1,Finance and insurance,76.07147379403439,UK,GVA
792,1997 Q2,Finance and insurance,76.0393245172691,UK,GVA
793,1997 Q3,Finance and insurance,75.16472769672362,UK,GVA
794,1997 Q4,Finance and insurance,72.21738723833158,UK,GVA
795,1998 Q1,Finance and insurance,81.88351805531418,UK,GVA
796,1998 Q2,Finance and insurance,77.67569659808568,UK,GVA
797,1998 Q3,Finance and insurance,74.47062883623593,UK,GVA
798,1998 Q4,Finance and insurance,69.90816855209246,UK,GVA
799,1999 Q1,Finance and insurance,72.60464304862762,UK,GVA
800,1999 Q2,Finance and insurance,74.96302943694768,UK,GVA
801,1999 Q3,Finance and insurance,76.10583637526351,UK,GVA
802,1999 Q4,Finance and insurance,79.99701754367159,UK,GVA
803,2000 Q1,Finance and insurance,81.2894824319236,UK,GVA
804,2000 Q2,Finance and insurance,80.31044912536579,UK,GVA
805,2000 Q3,Finance and insurance,79.82630806356052,UK,GVA
806,2000 Q4,Finance and insurance,79.64429709792725,UK,GVA
807,2001 Q1,Finance and insurance,78.71773712012936,UK,GVA
808,2001 Q2,Finance and insurance,76.42804380217385,UK,GVA
809,2001 Q3,Finance and insurance,77.06202045115887,UK,GVA
810,2001 Q4,Finance and insurance,76.16178192296728,UK,GVA
811,2002 Q1,Finance and insurance,78.45806205738235,UK,GVA
812,2002 Q2,Finance and insurance,79.39342607881169,UK,GVA
813,2002 Q3,Finance and insurance,78.74181511064802,UK,GVA
814,2002 Q4,Finance and insurance,80.73322050332294,UK,GVA
815,2003 Q1,Finance and insurance,80.94087845718975,UK,GVA
816,2003 Q2,Finance and insurance,81.4560868782085,UK,GVA
817,2003 Q3,Finance and insurance,83.22687243446653,UK,GVA
818,2003 Q4,Finance and insurance,80.40793269983381,UK,GVA
819,2004 Q1,Finance and insurance,77.86354501853512,UK,GVA
820,2004 Q2,Finance and insurance,79.79692906234254,UK,GVA
821,2004 Q3,Finance and insurance,84.64165398430939,UK,GVA
822,2004 Q4,Finance and insurance,90.4197199067131,UK,GVA
823,2005 Q1,Finance and insurance,93.62592869168968,UK,GVA
824,2005 Q2,Finance and insurance,93.52338565861017,UK,GVA
825,2005 Q3,Finance and insurance,95.77333191161644,UK,GVA
826,2005 Q4,Finance and insurance,93.04465152248541,UK,GVA
827,2006 Q1,Finance and insurance,91.34699308066297,UK,GVA
828,2006 Q2,Finance and insurance,88.5534412710044,UK,GVA
829,2006 Q3,Finance and insurance,89.46501219114636,UK,GVA
830,2006 Q4,Finance and insurance,97.1170943440644,UK,GVA
831,2007 Q1,Finance and insurance,103.64638885922899,UK,GVA
832,2007 Q2,Finance and insurance,111.34760734125142,UK,GVA
833,2007 Q3,Finance and insurance,115.56707308522658,UK,GVA
834,2007 Q4,Finance and insurance,115.50974141250612,UK,GVA
835,2008 Q1,Finance and insurance,116.95957843045062,UK,GVA
836,2008 Q2,Finance and insurance,115.6069853619749,UK,GVA
837,2008 Q3,Finance and insurance,112.48546322841703,UK,GVA
838,2008 Q4,Finance and insurance,106.21731512232829,UK,GVA
839,2009 Q1,Finance and insurance,107.10710482957657,UK,GVA
840,2009 Q2,Finance and insurance,105.33330306329107,UK,GVA
841,2009 Q3,Finance and insurance,104.60572557054772,UK,GVA
842,2009 Q4,Finance and insurance,104.57476710753954,UK,GVA
843,2010 Q1,Finance and insurance,103.24111297397232,UK,GVA
844,2010 Q2,Finance and insurance,103.6126881508031,UK,GVA
845,2010 Q3,Finance and insurance,103.5142278961225,UK,GVA
846,2010 Q4,Finance and insurance,104.66627227762186,UK,GVA
847,2011 Q1,Finance and insurance,98.94803866538362,UK,GVA
848,2011 Q2,Finance and insurance,95.52489744166544,UK,GVA
849,2011 Q3,Finance and insurance,97.76147828818016,UK,GVA
850,2011 Q4,Finance and insurance,97.79440303019096,UK,GVA
851,2012 Q1,Finance and insurance,98.87817169491619,UK,GVA
852,2012 Q2,Finance and insurance,100.61155257278007,UK,GVA
853,2012 Q3,Finance and insurance,100.51183272545636,UK,GVA
854,2012 Q4,Finance and insurance,98.0751055125648,UK,GVA
855,2013 Q1,Finance and insurance,96.42392124948084,UK,GVA
856,2013 Q2,Finance and insurance,95.80482516619688,UK,GVA
857,2013 Q3,Finance and insurance,93.00303247865544,UK,GVA
858,2013 Q4,Finance and insurance,93.15210139873282,UK,GVA
859,2014 Q1,Finance and insurance,92.03672332171533,UK,GVA
860,2014 Q2,Finance and insurance,94.10645100638203,UK,GVA
861,2014 Q3,Finance and insurance,95.0591725935915,UK,GVA
862,2014 Q4,Finance and insurance,95.43973546546161,UK,GVA
863,2015 Q1,Finance and insurance,92.88221876557088,UK,GVA
864,2015 Q2,Finance and insurance,88.44220827290442,UK,GVA
865,2015 Q3,Finance and insurance,87.4825160778989,UK,GVA
866,2015 Q4,Finance and insurance,88.69913436613106,UK,GVA
867,2016 Q1,Finance and insurance,91.73003795474757,UK,GVA
868,2016 Q2,Finance and insurance,92.65749114967764,UK,GVA
869,2016 Q3,Finance and insurance,97.46009022277237,UK,GVA
870,2016 Q4,Finance and insurance,100.78616899590787,UK,GVA
871,2017 Q1,Finance and insurance,100.71872036829545,UK,GVA
872,2017 Q2,Finance and insurance,102.75688468573591,UK,GVA
873,2017 Q3,Finance and insurance,103.60737005063847,UK,GVA
874,2017 Q4,Finance and insurance,105.68675737164055,UK,GVA
875,2018 Q1,Finance and insurance,104.61856304219226,UK,GVA
876,2018 Q2,Finance and insurance,103.06644283382862,UK,GVA
877,2018 Q3,Finance and insurance,101.00998719173471,UK,GVA
878,2018 Q4,Finance and insurance,100.00202220379617,UK,GVA
879,2019 Q1,Finance and insurance,98.29846987682804,UK,GVA
880,2019 Q2,Finance and insurance,99.01557823015975,UK,GVA
881,2019 Q3,Finance and insurance,100.02979635738609,UK,GVA
882,2019 Q4,Finance and insurance,100.15485062268954,UK,GVA
883,2020 Q1,Finance and insurance,99.17386828821638,UK,GVA
884,2020 Q2,Finance and insurance,96.57951671087017,UK,GVA
885,2020 Q3,Finance and insurance,99.64477872689297,UK,GVA
886,2020 Q4,Finance and insurance,104.60183627402049,UK,GVA
887,2021 Q1,Finance and insurance,105.98435594122233,UK,GVA
888,2021 Q2,Finance and insurance,105.9538113928802,UK,GVA
889,2021 Q3,Finance and insurance,104.45924727287309,UK,GVA
890,2021 Q4,Finance and insurance,106.51275745615712,UK,GVA
891,2022 Q1,Finance and insurance,105.14607281174808,UK,GVA
892,2022 Q2,Finance and insurance,103.99459231402226,UK,GVA
893,2022 Q3,Finance and insurance,102.94813433607305,UK,GVA
894,2022 Q4,Finance and insurance,101.68406427923118,UK,GVA
895,2023 Q1,Finance and insurance,103.13707012500161,UK,GVA
896,2023 Q2,Finance and insurance,102.45618574165547,UK,GVA
897,2023 Q3,Finance and insurance,101.5534574658087,UK,GVA
898,2023 Q4,Finance and insurance,101.77128921135197,UK,GVA
899,2024 Q1,Finance and insurance,102.50958874454778,UK,GVA
900,2024 Q2,Finance and insurance,102.27659243340909,UK,GVA
901,2024 Q3,Finance and insurance,101.75119804122473,UK,GVA
902,2024 Q4,Finance and insurance,101.7714332867826,UK,GVA
903,2025 Q1,Finance and insurance,101.31346313468362,UK,GVA
904,1997 Q1,Professional & Admin Services,74.05500475043468,UK,GVA
905,1997 Q2,Professional & Admin Services,74.11725649286718,UK,GVA
906,1997 Q3,Professional & Admin Services,75.42323452959636,UK,GVA
907,1997 Q4,Professional & Admin Services,73.63440695448459,UK,GVA
908,1998 Q1,Professional & Admin Services,72.26445631880837,UK,GVA
909,1998 Q2,Professional & Admin Services,73.86234658638372,UK,GVA
910,1998 Q3,Professional & Admin Services,74.02954468428308,UK,GVA
911,1998 Q4,Professional & Admin Services,76.08046652063561,UK,GVA
912,1999 Q1,Professional & Admin Services,73.65627709577119,UK,GVA
913,1999 Q2,Professional & Admin Services,73.62526976029747,UK,GVA
914,1999 Q3,Professional & Admin Services,72.66942186995551,UK,GVA
915,1999 Q4,Professional & Admin Services,76.84209712095702,UK,GVA
916,2000 Q1,Professional & Admin Services,73.01275832026572,UK,GVA
917,2000 Q2,Professional & Admin Services,74.33910294323958,UK,GVA
918,2000 Q3,Professional & Admin Services,74.23112675424623,UK,GVA
919,2000 Q4,Professional & Admin Services,74.28043918371834,UK,GVA
920,2001 Q1,Professional & Admin Services,75.860101296397,UK,GVA
921,2001 Q2,Professional & Admin Services,75.29104410529104,UK,GVA
922,2001 Q3,Professional & Admin Services,75.15126948877175,UK,GVA
923,2001 Q4,Professional & Admin Services,73.19387557432975,UK,GVA
924,2002 Q1,Professional & Admin Services,73.0203869962071,UK,GVA
925,2002 Q2,Professional & Admin Services,75.84900618773187,UK,GVA
926,2002 Q3,Professional & Admin Services,75.49812092110244,UK,GVA
927,2002 Q4,Professional & Admin Services,74.34598787053515,UK,GVA
928,2003 Q1,Professional & Admin Services,75.04051457719676,UK,GVA
929,2003 Q2,Professional & Admin Services,74.76270404622295,UK,GVA
930,2003 Q3,Professional & Admin Services,77.54888192419341,UK,GVA
931,2003 Q4,Professional & Admin Services,80.03312362898608,UK,GVA
932,2004 Q1,Professional & Admin Services,79.06881845150976,UK,GVA
933,2004 Q2,Professional & Admin Services,80.73576353827224,UK,GVA
934,2004 Q3,Professional & Admin Services,80.33137921653854,UK,GVA
935,2004 Q4,Professional & Admin Services,81.13688421961453,UK,GVA
936,2005 Q1,Professional & Admin Services,81.7505157346151,UK,GVA
937,2005 Q2,Professional & Admin Services,81.49991752955484,UK,GVA
938,2005 Q3,Professional & Admin Services,83.14195965399382,UK,GVA
939,2005 Q4,Professional & Admin Services,86.59178213592864,UK,GVA
940,2006 Q1,Professional & Admin Services,86.81095440766468,UK,GVA
941,2006 Q2,Professional & Admin Services,86.95155341685994,UK,GVA
942,2006 Q3,Professional & Admin Services,87.05692323492795,UK,GVA
943,2006 Q4,Professional & Admin Services,87.06848387322246,UK,GVA
944,2007 Q1,Professional & Admin Services,89.71561079352519,UK,GVA
945,2007 Q2,Professional & Admin Services,90.07956847564131,UK,GVA
946,2007 Q3,Professional & Admin Services,91.52787969317245,UK,GVA
947,2007 Q4,Professional & Admin Services,91.36099261133425,UK,GVA
948,2008 Q1,Professional & Admin Services,92.73570224728527,UK,GVA
949,2008 Q2,Professional & Admin Services,91.09041014243088,UK,GVA
950,2008 Q3,Professional & Admin Services,88.91458643647374,UK,GVA
951,2008 Q4,Professional & Admin Services,88.60964050422515,UK,GVA
952,2009 Q1,Professional & Admin Services,84.41254590019156,UK,GVA
953,2009 Q2,Professional & Admin Services,86.23805153459564,UK,GVA
954,2009 Q3,Professional & Admin Services,84.50581348583609,UK,GVA
955,2009 Q4,Professional & Admin Services,83.61628936453089,UK,GVA
956,2010 Q1,Professional & Admin Services,87.13015411704296,UK,GVA
957,2010 Q2,Professional & Admin Services,87.47619671294345,UK,GVA
958,2010 Q3,Professional & Admin Services,88.2624716161446,UK,GVA
959,2010 Q4,Professional & Admin Services,87.23306973042799,UK,GVA
960,2011 Q1,Professional & Admin Services,89.94101345599678,UK,GVA
961,2011 Q2,Professional & Admin Services,89.66422074295545,UK,GVA
962,2011 Q3,Professional & Admin Services,89.19375057751729,UK,GVA
963,2011 Q4,Professional & Admin Services,88.12958604704187,UK,GVA
964,2012 Q1,Professional & Admin Services,91.00233535591104,UK,GVA
965,2012 Q2,Professional & Admin Services,89.29317545978797,UK,GVA
966,2012 Q3,Professional & Admin Services,91.74484227654295,UK,GVA
967,2012 Q4,Professional & Admin Services,92.60210206058727,UK,GVA
968,2013 Q1,Professional & Admin Services,92.48174839050975,UK,GVA
969,2013 Q2,Professional & Admin Services,94.65226864571234,UK,GVA
970,2013 Q3,Professional & Admin Services,97.05260649983084,UK,GVA
971,2013 Q4,Professional & Admin Services,98.35481139616824,UK,GVA
972,2014 Q1,Professional & Admin Services,99.13621297246438,UK,GVA
973,2014 Q2,Professional & Admin Services,100.02876906257714,UK,GVA
974,2014 Q3,Professional & Admin Services,101.70406229776823,UK,GVA
975,2014 Q4,Professional & Admin Services,102.98636968157355,UK,GVA
976,2015 Q1,Professional & Admin Services,104.27739208346179,UK,GVA
977,2015 Q2,Professional & Admin Services,105.38968476740646,UK,GVA
978,2015 Q3,Professional & Admin Services,106.23673335430016,UK,GVA
979,2015 Q4,Professional & Admin Services,106.07161339991879,UK,GVA
980,2016 Q1,Professional & Admin Services,106.22073664909037,UK,GVA
981,2016 Q2,Professional & Admin Services,107.60081521943876,UK,GVA
982,2016 Q3,Professional & Admin Services,107.31034864699443,UK,GVA
983,2016 Q4,Professional & Admin Services,108.72080344152748,UK,GVA
984,2017 Q1,Professional & Admin Services,110.20826762835117,UK,GVA
985,2017 Q2,Professional & Admin Services,110.63888343262786,UK,GVA
986,2017 Q3,Professional & Admin Services,110.66470202885066,UK,GVA
987,2017 Q4,Professional & Admin Services,111.56886862994267,UK,GVA
988,2018 Q1,Professional & Admin Services,111.12840394747651,UK,GVA
989,2018 Q2,Professional & Admin Services,112.7754173844632,UK,GVA
990,2018 Q3,Professional & Admin Services,112.25145961321499,UK,GVA
991,2018 Q4,Professional & Admin Services,112.61836379845374,UK,GVA
992,2019 Q1,Professional & Admin Services,113.90106342908699,UK,GVA
993,2019 Q2,Professional & Admin Services,113.94981084690356,UK,GVA
994,2019 Q3,Professional & Admin Services,114.92548723374443,UK,GVA
995,2019 Q4,Professional & Admin Services,113.89100341397271,UK,GVA
996,2020 Q1,Professional & Admin Services,112.02006136651153,UK,GVA
997,2020 Q2,Professional & Admin Services,86.83160679380656,UK,GVA
998,2020 Q3,Professional & Admin Services,98.28452946613027,UK,GVA
999,2020 Q4,Professional & Admin Services,102.86380237355164,UK,GVA
1000,2021 Q1,Professional & Admin Services,101.8987353325761,UK,GVA
1001,2021 Q2,Professional & Admin Services,107.48204897275156,UK,GVA
1002,2021 Q3,Professional & Admin Services,110.81197252334181,UK,GVA
1003,2021 Q4,Professional & Admin Services,114.86043362440567,UK,GVA
1004,2022 Q1,Professional & Admin Services,117.31181361298239,UK,GVA
1005,2022 Q2,Professional & Admin Services,121.18487199351095,UK,GVA
1006,2022 Q3,Professional & Admin Services,122.27506115574141,UK,GVA
1007,2022 Q4,Professional & Admin Services,125.24213183348097,UK,GVA
1008,2023 Q1,Professional & Admin Services,125.95691665522388,UK,GVA
1009,2023 Q2,Professional & Admin Services,125.68111237895766,UK,GVA
1010,2023 Q3,Professional & Admin Services,124.92860396595944,UK,GVA
1011,2023 Q4,Professional & Admin Services,125.34782167209764,UK,GVA
1012,2024 Q1,Professional & Admin Services,128.4145047114214,UK,GVA
1013,2024 Q2,Professional & Admin Services,130.28980746575726,UK,GVA
1014,2024 Q3,Professional & Admin Services,130.34391162336064,UK,GVA
1015,2024 Q4,Professional & Admin Services,130.75998850580262,UK,GVA
1016,2025 Q1,Professional & Admin Services,133.39328790149733,UK,GVA
1017,1997 Q1,Public Services,90.87473779173526,UK,GVA
1018,1997 Q2,Public Services,91.65509740913318,UK,GVA
1019,1997 Q3,Public Services,91.66269979788028,UK,GVA
1020,1997 Q4,Public Services,92.64515033721071,UK,GVA
1021,1998 Q1,Public Services,92.2911687000836,UK,GVA
1022,1998 Q2,Public Services,92.36428145243592,UK,GVA
1023,1998 Q3,Public Services,92.10032185858769,UK,GVA
1024,1998 Q4,Public Services,92.74057645686146,UK,GVA
1025,1999 Q1,Public Services,93.02747150781173,UK,GVA
1026,1999 Q2,Public Services,93.8593691341859,UK,GVA
1027,1999 Q3,Public Services,94.6597792852638,UK,GVA
1028,1999 Q4,Public Services,95.38044016218626,UK,GVA
1029,2000 Q1,Public Services,96.37176775592042,UK,GVA
1030,2000 Q2,Public Services,95.51496079676696,UK,GVA
1031,2000 Q3,Public Services,95.88537073177595,UK,GVA
1032,2000 Q4,Public Services,96.24648031995333,UK,GVA
1033,2001 Q1,Public Services,96.56518545444402,UK,GVA
1034,2001 Q2,Public Services,96.58134616091351,UK,GVA
1035,2001 Q3,Public Services,96.99532261088876,UK,GVA
1036,2001 Q4,Public Services,96.13798179983387,UK,GVA
1037,2002 Q1,Public Services,96.46853727669111,UK,GVA
1038,2002 Q2,Public Services,96.56201106546273,UK,GVA
1039,2002 Q3,Public Services,97.93865291042061,UK,GVA
1040,2002 Q4,Public Services,97.82220522607574,UK,GVA
1041,2003 Q1,Public Services,98.0742564135817,UK,GVA
1042,2003 Q2,Public Services,98.15893798702307,UK,GVA
1043,2003 Q3,Public Services,98.94736480336016,UK,GVA
1044,2003 Q4,Public Services,100.49523150480351,UK,GVA
1045,2004 Q1,Public Services,101.27849274190315,UK,GVA
1046,2004 Q2,Public Services,101.98919203783248,UK,GVA
1047,2004 Q3,Public Services,101.36911503352638,UK,GVA
1048,2004 Q4,Public Services,101.94310420702348,UK,GVA
1049,2005 Q1,Public Services,102.6071166388111,UK,GVA
1050,2005 Q2,Public Services,102.91616949517615,UK,GVA
1051,2005 Q3,Public Services,103.35487338433431,UK,GVA
1052,2005 Q4,Public Services,104.331943767995,UK,GVA
1053,2006 Q1,Public Services,104.75918543906442,UK,GVA
1054,2006 Q2,Public Services,104.91546216397145,UK,GVA
1055,2006 Q3,Public Services,105.07629644309479,UK,GVA
1056,2006 Q4,Public Services,104.82983279552833,UK,GVA
1057,2007 Q1,Public Services,104.33540931822034,UK,GVA
1058,2007 Q2,Public Services,104.25132215861038,UK,GVA
1059,2007 Q3,Public Services,104.69652821047075,UK,GVA
1060,2007 Q4,Public Services,105.94522672360532,UK,GVA
1061,2008 Q1,Public Services,107.21402720359445,UK,GVA
1062,2008 Q2,Public Services,106.86456733602627,UK,GVA
1063,2008 Q3,Public Services,105.0927589313968,UK,GVA
1064,2008 Q4,Public Services,102.08018038506835,UK,GVA
1065,2009 Q1,Public Services,98.60701545891523,UK,GVA
1066,2009 Q2,Public Services,97.65021915656457,UK,GVA
1067,2009 Q3,Public Services,97.47601253318253,UK,GVA
1068,2009 Q4,Public Services,97.79760373805908,UK,GVA
1069,2010 Q1,Public Services,98.68666006890396,UK,GVA
1070,2010 Q2,Public Services,99.56513038329432,UK,GVA
1071,2010 Q3,Public Services,99.68388955451853,UK,GVA
1072,2010 Q4,Public Services,98.8399762884817,UK,GVA
1073,2011 Q1,Public Services,98.77100826218782,UK,GVA
1074,2011 Q2,Public Services,98.43359649023199,UK,GVA
1075,2011 Q3,Public Services,98.00242410510553,UK,GVA
1076,2011 Q4,Public Services,98.22326488550777,UK,GVA
1077,2012 Q1,Public Services,99.211286477873,UK,GVA
1078,2012 Q2,Public Services,99.06246835912229,UK,GVA
1079,2012 Q3,Public Services,100.36777298360443,UK,GVA
1080,2012 Q4,Public Services,100.18444010298913,UK,GVA
1081,2013 Q1,Public Services,100.80073331805312,UK,GVA
1082,2013 Q2,Public Services,101.86899959462745,UK,GVA
1083,2013 Q3,Public Services,103.56245330900862,UK,GVA
1084,2013 Q4,Public Services,104.3069693977789,UK,GVA
1085,2014 Q1,Public Services,104.93041435931785,UK,GVA
1086,2014 Q2,Public Services,105.82259359187371,UK,GVA
1087,2014 Q3,Public Services,106.65204930657839,UK,GVA
1088,2014 Q4,Public Services,107.66642149782406,UK,GVA
1089,2015 Q1,Public Services,108.14242179741147,UK,GVA
1090,2015 Q2,Public Services,109.21319754002296,UK,GVA
1091,2015 Q3,Public Services,109.2134512360267,UK,GVA
1092,2015 Q4,Public Services,109.32695255999627,UK,GVA
1093,2016 Q1,Public Services,107.97094118117334,UK,GVA
1094,2016 Q2,Public Services,107.824681228641,UK,GVA
1095,2016 Q3,Public Services,107.86545189388444,UK,GVA
1096,2016 Q4,Public Services,108.39250265499814,UK,GVA
1097,2017 Q1,Public Services,109.72399956531996,UK,GVA
1098,2017 Q2,Public Services,110.20651173852131,UK,GVA
1099,2017 Q3,Public Services,110.53575231420115,UK,GVA
1100,2017 Q4,Public Services,111.33251880303196,UK,GVA
1101,2018 Q1,Public Services,111.17438546484549,UK,GVA
1102,2018 Q2,Public Services,111.92138248665648,UK,GVA
1103,2018 Q3,Public Services,111.92821174204963,UK,GVA
1104,2018 Q4,Public Services,111.090843127749,UK,GVA
1105,2019 Q1,Public Services,112.24613369591374,UK,GVA
1106,2019 Q2,Public Services,112.26929872548206,UK,GVA
1107,2019 Q3,Public Services,113.41065325943806,UK,GVA
1108,2019 Q4,Public Services,114.09468848441189,UK,GVA
1109,2020 Q1,Public Services,110.71159830220229,UK,GVA
1110,2020 Q2,Public Services,83.516525998252,UK,GVA
1111,2020 Q3,Public Services,101.91808479221865,UK,GVA
1112,2020 Q4,Public Services,103.85379090732707,UK,GVA
1113,2021 Q1,Public Services,101.50764633570515,UK,GVA
1114,2021 Q2,Public Services,106.10009149560544,UK,GVA
1115,2021 Q3,Public Services,107.32739057487932,UK,GVA
1116,2021 Q4,Public Services,108.428125877577,UK,GVA
1117,2022 Q1,Public Services,109.04042800570973,UK,GVA
1118,2022 Q2,Public Services,109.53916152734169,UK,GVA
1119,2022 Q3,Public Services,109.29480851241206,UK,GVA
1120,2022 Q4,Public Services,109.77162841990913,UK,GVA
1121,2023 Q1,Public Services,110.07029507644151,UK,GVA
1122,2023 Q2,Public Services,110.08053016504408,UK,GVA
1123,2023 Q3,Public Services,109.41516786272423,UK,GVA
1124,2023 Q4,Public Services,108.8618100631197,UK,GVA
1125,2024 Q1,Public Services,110.10761352786264,UK,GVA
1126,2024 Q2,Public Services,110.52214821842018,UK,GVA
1127,2024 Q3,Public Services,110.00014475045019,UK,GVA
1128,2024 Q4,Public Services,110.09156465379772,UK,GVA
1129,2025 Q1,Public Services,111.65369789518893,UK,GVA
1130,1997 Q1,Industry (except construction),93.9215911093706,UK,GVA
1131,1997 Q2,Industry (except construction),94.22229783377453,UK,GVA
1132,1997 Q3,Industry (except construction),95.39137868316048,UK,GVA
1133,1997 Q4,Industry (except construction),96.01810023462576,UK,GVA
1134,1998 Q1,Industry (except construction),96.28316137098201,UK,GVA
1135,1998 Q2,Industry (except construction),96.72108844235511,UK,GVA
1136,1998 Q3,Industry (except construction),95.42164516901187,UK,GVA
1137,1998 Q4,Industry (except construction),95.80757029094875,UK,GVA
1138,1999 Q1,Industry (except construction),97.66582654613036,UK,GVA
1139,1999 Q2,Industry (except construction),98.56694454370097,UK,GVA
1140,1999 Q3,Industry (except construction),99.8837649770158,UK,GVA
1141,1999 Q4,Industry (except construction),99.64213000494405,UK,GVA
1142,2000 Q1,Industry (except construction),99.955239036811,UK,GVA
1143,2000 Q2,Industry (except construction),98.41536843191575,UK,GVA
1144,2000 Q3,Industry (except construction),97.99050082604468,UK,GVA
1145,2000 Q4,Industry (except construction),99.37115813752344,UK,GVA
1146,2001 Q1,Industry (except construction),99.6240861209881,UK,GVA
1147,2001 Q2,Industry (except construction),99.61097577788071,UK,GVA
1148,2001 Q3,Industry (except construction),100.61019105940383,UK,GVA
1149,2001 Q4,Industry (except construction),99.50365301491122,UK,GVA
1150,2002 Q1,Industry (except construction),99.06257843557395,UK,GVA
1151,2002 Q2,Industry (except construction),98.07579583112114,UK,GVA
1152,2002 Q3,Industry (except construction),100.95915331679544,UK,GVA
1153,2002 Q4,Industry (except construction),100.77596242777886,UK,GVA
1154,2003 Q1,Industry (except construction),101.12979018973635,UK,GVA
1155,2003 Q2,Industry (except construction),99.60736155988063,UK,GVA
1156,2003 Q3,Industry (except construction),99.95580719521419,UK,GVA
1157,2003 Q4,Industry (except construction),100.93806621552856,UK,GVA
1158,2004 Q1,Industry (except construction),101.72405306010536,UK,GVA
1159,2004 Q2,Industry (except construction),101.51335053063228,UK,GVA
1160,2004 Q3,Industry (except construction),99.33281292573149,UK,GVA
1161,2004 Q4,Industry (except construction),98.74336359054979,UK,GVA
1162,2005 Q1,Industry (except construction),98.44450568684073,UK,GVA
1163,2005 Q2,Industry (except construction),98.68576981992544,UK,GVA
1164,2005 Q3,Industry (except construction),97.50379534187576,UK,GVA
1165,2005 Q4,Industry (except construction),98.65403942432354,UK,GVA
1166,2006 Q1,Industry (except construction),100.24464299929375,UK,GVA
1167,2006 Q2,Industry (except construction),101.89278626831883,UK,GVA
1168,2006 Q3,Industry (except construction),102.5191745504878,UK,GVA
1169,2006 Q4,Industry (except construction),102.68854664987236,UK,GVA
1170,2007 Q1,Industry (except construction),101.08634655733182,UK,GVA
1171,2007 Q2,Industry (except construction),99.85718344111179,UK,GVA
1172,2007 Q3,Industry (except construction),99.50809138565404,UK,GVA
1173,2007 Q4,Industry (except construction),100.65659027664384,UK,GVA
1174,2008 Q1,Industry (except construction),99.97791379591682,UK,GVA
1175,2008 Q2,Industry (except construction),99.6509173104737,UK,GVA
1176,2008 Q3,Industry (except construction),98.92406081349753,UK,GVA
1177,2008 Q4,Industry (except construction),95.73005986431328,UK,GVA
1178,2009 Q1,Industry (except construction),90.50792423742965,UK,GVA
1179,2009 Q2,Industry (except construction),90.37479606576598,UK,GVA
1180,2009 Q3,Industry (except construction),90.71250779941235,UK,GVA
1181,2009 Q4,Industry (except construction),91.27773043722847,UK,GVA
1182,2010 Q1,Industry (except construction),91.68025489569253,UK,GVA
1183,2010 Q2,Industry (except construction),91.87560401992368,UK,GVA
1184,2010 Q3,Industry (except construction),90.41657629353776,UK,GVA
1185,2010 Q4,Industry (except construction),88.63619208567872,UK,GVA
1186,2011 Q1,Industry (except construction),84.92045104637552,UK,GVA
1187,2011 Q2,Industry (except construction),83.46958537894893,UK,GVA
1188,2011 Q3,Industry (except construction),82.91249472042456,UK,GVA
1189,2011 Q4,Industry (except construction),84.17153719503638,UK,GVA
1190,2012 Q1,Industry (except construction),85.18930812168678,UK,GVA
1191,2012 Q2,Industry (except construction),86.61433785834795,UK,GVA
1192,2012 Q3,Industry (except construction),87.73257256020761,UK,GVA
1193,2012 Q4,Industry (except construction),87.3603852856476,UK,GVA
1194,2013 Q1,Industry (except construction),87.3341742862766,UK,GVA
1195,2013 Q2,Industry (except construction),87.99462031764497,UK,GVA
1196,2013 Q3,Industry (except construction),89.2645414172886,UK,GVA
1197,2013 Q4,Industry (except construction),89.6685806702512,UK,GVA
1198,2014 Q1,Industry (except construction),90.21936072673523,UK,GVA
1199,2014 Q2,Industry (except construction),90.56654210469242,UK,GVA
1200,2014 Q3,Industry (except construction),92.16549646494411,UK,GVA
1201,2014 Q4,Industry (except construction),94.34562846834558,UK,GVA
1202,2015 Q1,Industry (except construction),98.1098568810211,UK,GVA
1203,2015 Q2,Industry (except construction),100.7671420087878,UK,GVA
1204,2015 Q3,Industry (except construction),100.88980117220588,UK,GVA
1205,2015 Q4,Industry (except construction),100.79008004544778,UK,GVA
1206,2016 Q1,Industry (except construction),97.37664908919896,UK,GVA
1207,2016 Q2,Industry (except construction),96.7048019881266,UK,GVA
1208,2016 Q3,Industry (except construction),95.20933364623464,UK,GVA
1209,2016 Q4,Industry (except construction),94.98823857318598,UK,GVA
1210,2017 Q1,Industry (except construction),95.40281377035281,UK,GVA
1211,2017 Q2,Industry (except construction),95.3395472287972,UK,GVA
1212,2017 Q3,Industry (except construction),96.0530602278074,UK,GVA
1213,2017 Q4,Industry (except construction),97.592156188754,UK,GVA
1214,2018 Q1,Industry (except construction),98.14960455549839,UK,GVA
1215,2018 Q2,Industry (except construction),98.32034832694988,UK,GVA
1216,2018 Q3,Industry (except construction),98.04884855747191,UK,GVA
1217,2018 Q4,Industry (except construction),95.5076525363869,UK,GVA
1218,2019 Q1,Industry (except construction),97.07826997491486,UK,GVA
1219,2019 Q2,Industry (except construction),97.22290753177333,UK,GVA
1220,2019 Q3,Industry (except construction),98.97981049549742,UK,GVA
1221,2019 Q4,Industry (except construction),101.87667911105083,UK,GVA
1222,2020 Q1,Industry (except construction),103.13256420220863,UK,GVA
1223,2020 Q2,Industry (except construction),86.46029882672562,UK,GVA
1224,2020 Q3,Industry (except construction),104.2126321116543,UK,GVA
1225,2020 Q4,Industry (except construction),106.19450485941147,UK,GVA
1226,2021 Q1,Industry (except construction),102.21669768317278,UK,GVA
1227,2021 Q2,Industry (except construction),101.34013492702032,UK,GVA
1228,2021 Q3,Industry (except construction),98.11108991123871,UK,GVA
1229,2021 Q4,Industry (except construction),96.15842306420797,UK,GVA
1230,2022 Q1,Industry (except construction),93.94800978879178,UK,GVA
1231,2022 Q2,Industry (except construction),92.2937971503617,UK,GVA
1232,2022 Q3,Industry (except construction),90.13388310844941,UK,GVA
1233,2022 Q4,Industry (except construction),89.37619403322844,UK,GVA
1234,2023 Q1,Industry (except construction),89.4674879985823,UK,GVA
1235,2023 Q2,Industry (except construction),90.07353814698831,UK,GVA
1236,2023 Q3,Industry (except construction),89.2827166422672,UK,GVA
1237,2023 Q4,Industry (except construction),87.93222720340766,UK,GVA
1238,2024 Q1,Industry (except construction),88.24512343873059,UK,GVA
1239,2024 Q2,Industry (except construction),87.38832514887304,UK,GVA
1240,2024 Q3,Industry (except construction),86.82248507467075,UK,GVA
1241,2024 Q4,Industry (except construction),86.43003967369572,UK,GVA
1242,2025 Q1,Industry (except construction),87.83420738851768,UK,GVA
