"Figure 3: Output per worker in July to September 2025 was 2.1% above its pre-coronavirus (COVID-19) pandemic level",""
"Output per worker, gross value added, workers, UK, index Quarter 1 1997 equals 100, Quarter 1 (Jan to Mar) 1997 to Quarter 3 (July to Sept) 2025",""
"",""
"Notes","1. The trendline is constructed as in Figure 1."
"Unit","Index Quarter 1 1997 equals 100 "
"",""
"Date","Gross value added","Workers","Output per worker","Output per worker trend"
"Q1 1997","100.0","100.0","100.0",""
"Q2 1997","101.0","100.5","100.5",""
"Q3 1997","101.7","100.7","101.0",""
"Q4 1997","103.1","101.0","102.1",""
"Q1 1998","104.0","101.1","102.8",""
"Q2 1998","104.6","101.3","103.3",""
"Q3 1998","104.9","101.7","103.1",""
"Q4 1998","105.7","102.2","103.5",""
"Q1 1999","106.3","102.5","103.7",""
"Q2 1999","106.7","102.7","103.8",""
"Q3 1999","108.6","103.2","105.2",""
"Q4 1999","110.4","103.6","106.6",""
"Q1 2000","111.7","103.7","107.6",""
"Q2 2000","112.6","104.1","108.1",""
"Q3 2000","113.3","104.4","108.5",""
"Q4 2000","114.1","104.4","109.3",""
"Q1 2001","115.0","104.7","109.9",""
"Q2 2001","115.5","105.0","110.0",""
"Q3 2001","115.9","105.1","110.4",""
"Q4 2001","116.2","105.4","110.2",""
"Q1 2002","116.4","105.4","110.5",""
"Q2 2002","116.9","105.9","110.4",""
"Q3 2002","117.8","105.9","111.2",""
"Q4 2002","118.6","106.6","111.3",""
"Q1 2003","119.4","106.5","112.1",""
"Q2 2003","120.6","107.0","112.7",""
"Q3 2003","121.8","107.1","113.7",""
"Q4 2003","122.8","107.3","114.4",""
"Q1 2004","123.0","107.9","114.0",""
"Q2 2004","123.4","107.9","114.4",""
"Q3 2004","123.8","108.1","114.5",""
"Q4 2004","124.5","108.7","114.5",""
"Q1 2005","125.6","109.1","115.1",""
"Q2 2005","126.7","109.2","116.1",""
"Q3 2005","128.0","109.7","116.7",""
"Q4 2005","129.5","109.5","118.3",""
"Q1 2006","130.1","110.1","118.2",""
"Q2 2006","130.3","110.3","118.1",""
"Q3 2006","130.4","110.6","117.9",""
"Q4 2006","130.9","110.7","118.2",""
"Q1 2007","132.4","110.7","119.6",""
"Q2 2007","133.8","111.1","120.3",""
"Q3 2007","134.9","111.5","121.0",""
"Q4 2007","136.0","112.1","121.3",""
"Q1 2008","136.7","112.5","121.5",""
"Q2 2008","136.2","112.7","120.9",""
"Q3 2008","134.0","112.1","119.5",""
"Q4 2008","131.2","111.9","117.2",""
"Q1 2009","128.6","111.3","115.5",""
"Q2 2009","128.1","110.3","116.2","117.2"
"Q3 2009","128.2","110.2","116.3","117.4"
"Q4 2009","128.7","110.3","116.7","117.6"
"Q1 2010","129.9","110.0","118.2","117.8"
"Q2 2010","131.5","110.7","118.8","118.0"
"Q3 2010","132.3","111.4","118.7","118.3"
"Q4 2010","132.3","111.2","119.0","118.5"
"Q1 2011","132.4","111.6","118.6","118.7"
"Q2 2011","132.4","111.6","118.6","118.9"
"Q3 2011","132.8","111.0","119.6","119.1"
"Q4 2011","133.1","111.3","119.6","119.3"
"Q1 2012","134.3","111.7","120.3","119.5"
"Q2 2012","134.3","112.5","119.3","119.7"
"Q3 2012","135.7","112.9","120.1","119.9"
"Q4 2012","135.5","113.5","119.4","120.1"
"Q1 2013","135.8","113.3","119.9","120.3"
"Q2 2013","136.7","113.7","120.3","120.5"
"Q3 2013","137.6","114.3","120.4","120.7"
"Q4 2013","138.5","115.0","120.4","121.0"
"Q1 2014","139.7","116.0","120.5","121.2"
"Q2 2014","141.1","116.6","121.0","121.4"
"Q3 2014","142.4","117.1","121.6","121.6"
"Q4 2014","143.2","117.5","121.8","121.8"
"Q1 2015","143.4","118.3","121.2","122.0"
"Q2 2015","144.0","118.2","121.9","122.2"
"Q3 2015","144.4","119.0","121.4","122.4"
"Q4 2015","145.2","119.8","121.2","122.6"
"Q1 2016","146.1","119.9","121.9","122.8"
"Q2 2016","147.4","120.6","122.2","123.0"
"Q3 2016","148.1","120.8","122.6","123.2"
"Q4 2016","149.1","121.0","123.3","123.4"
"Q1 2017","150.6","121.4","124.1","123.6"
"Q2 2017","151.9","121.8","124.7","123.9"
"Q3 2017","152.9","121.8","125.5","124.1"
"Q4 2017","153.9","122.1","126.0","124.3"
"Q1 2018","154.0","122.9","125.3","124.5"
"Q2 2018","154.4","123.0","125.5","124.7"
"Q3 2018","154.9","123.2","125.7","124.9"
"Q4 2018","155.1","123.8","125.2","125.1"
"Q1 2019","155.8","124.2","125.4","125.3"
"Q2 2019","156.2","124.9","125.0","125.5"
"Q3 2019","157.3","124.7","126.1","125.7"
"Q4 2019","157.3","125.3","125.5","125.9"
"Q1 2020","153.4","125.0","122.8","126.1"
"Q2 2020","123.0","123.7","99.4","126.3"
"Q3 2020","144.0","122.7","117.4","126.5"
"Q4 2020","146.2","122.3","119.6","126.8"
"Q1 2021","144.7","122.5","118.1","127.0"
"Q2 2021","154.8","123.0","125.8","127.2"
"Q3 2021","157.2","124.0","126.7","127.4"
"Q4 2021","159.0","124.1","128.2","127.6"
"Q1 2022","160.5","124.3","129.1","127.8"
"Q2 2022","161.2","125.1","128.9","128.0"
"Q3 2022","161.3","124.8","129.2","128.2"
"Q4 2022","161.9","125.5","128.9","128.4"
"Q1 2023","162.0","126.3","128.3","128.6"
"Q2 2023","162.1","126.4","128.2","128.8"
"Q3 2023","161.9","126.4","128.0","129.0"
"Q4 2023","161.3","126.5","127.5","129.2"
"Q1 2024","162.7","126.4","128.8","129.4"
"Q2 2024","163.7","126.9","128.9","129.7"
"Q3 2024","164.1","128.0","128.2","129.9"
"Q4 2024","164.5","128.4","128.1","130.1"
"Q1 2025","165.6","128.8","128.6","130.3"
"Q2 2025","166.0","129.7","128.0","130.5"
"Q3 2025","166.2","129.6","128.2","130.7"
